uname,ShortDescription,Description,shortDescription_Update,Description_Update
admin,via data file short description 1,via data file  description 1,update via data short description 1,update via data description 1
admin,via data file short description 2,via data file  description 2,update via data short description 2,update via data description 2
admin,via data file short description 3,via data file  description 3,update via data short description 3,update via data description 3
admin,via data file short description 4,via data file  description 4,update via data short description 4,update via data description 4
admin,via data file short description 5,via data file  description 5,update via data short description 5,update via data description 5
admin,via data file short description 6,via data file  description 6,update via data short description 6,update via data description 6
admin,via data file short description 7,via data file  description 7,update via data short description 7,update via data description 7
admin,via data file short description 8,via data file  description 8,update via data short description 8,update via data description 8
admin,via data file short description 9,via data file  description 9,update via data short description 9,update via data description 9
admin,via data file short description 10,via data file  description 10,update via data short description 10,update via data description 10
